,Afghanistan,Albania,Algeria,Angola,Anguilla,Antigua and Barbuda,Argentina,Armenia,Australia,Austria,Azerbaijan,"Bahamas, The",Bahrain,Bangladesh,Barbados,Belarus,Belgium,Belize,Benin,Bhutan,Bolivia,Bosnia and Herzegovina,Botswana,Brazil,Brunei Darussalam,Bulgaria,Burkina Faso,Burundi,Cabo Verde,Cambodia,Cameroon,Canada,Central African Republic,Chad,Chile,China,Colombia,Comoros,"Congo, Republic of",Costa Rica,Côte d'Ivoire,Croatia,Cyprus,Czech Republic,Democratic Republic of the Congo,Denmark,Djibouti,Dominica,Dominican Republic,Eastern Caribbean Currency Union,Ecuador,Egypt,El Salvador,Equatorial Guinea,Eritrea,Estonia,Ethiopia,Euro area,Fiji,Finland,France,Gabon,"Gambia, The",Georgia,Germany,Ghana,Greece,Grenada,Guatemala,Guinea,Guinea-Bissau,Guyana,Haiti,Honduras,Hong Kong SAR,Hungary,Iceland,India,Indonesia,Iran,Iraq,Ireland,Israel,Italy,Jamaica,Japan,Jordan,Kazakhstan,Kenya,Kiribati,Korea,Kosovo,Kuwait,Kyrgyz Republic,Lao P.D.R.,Latvia,Lebanon,Lesotho,Liberia,Libya,Lithuania,Luxembourg,Madagascar,Malawi,Malaysia,Maldives,Mali,Malta,Marshall Islands,Mauritania,Mauritius,Mexico,"Micronesia, Fed. States of",Moldova,Mongolia,"Montenegro, Rep. of",Morocco,Mozambique,Myanmar,Namibia,Nepal,Netherlands,New Zealand,Nicaragua,Niger,Nigeria,"North Macedonia, Republic of",Norway,Oman,Pakistan,Panama,Papua New Guinea,Paraguay,Peru,Philippines,Poland,Portugal,Puerto Rico,Qatar,Romania,Russia,Rwanda,Samoa,San Marino,São Tomé and Príncipe,Saudi Arabia,Senegal,Serbia,Seychelles,Sierra Leone,Singapore,Slovak Republic,Slovenia,Solomon Islands,South Africa,South Sudan,Spain,Sri Lanka,St. Kitts and Nevis,St. Lucia,St. Vincent and the Grenadines,Sudan,Suriname,Swaziland,Sweden,Switzerland,Syria,Taiwan Province of China,Tajikistan,Tanzania,Thailand,Togo,Tonga,Trinidad and Tobago,Tunisia,Turkey,Turkmenistan,Tuvalu,Uganda,Ukraine,United Arab Emirates,United Kingdom,United States,Uruguay,Uzbekistan,Vanuatu,Venezuela,Vietnam,Yemen,Zambia,Zimbabwe
1966,,,,,,,,,41.23,14.07,,,,,,,55.58,,,,,,,,,,,5.90,,,,57.01,,,,,9.15,,,24.75,,,,,,11.24,,,,,21.98,,23.50,,,,,,,,15.31,,,,19.80,24.30,18.98,,11.02,,,34.66,,6.91,,,,,,,,47.74,,33.44,19.07,6.71,,,12.86,,4.44,,,,,,,,,,,,,,30.52,,,20.09,,,,8.98,,,,,24.83,,,,,55.57,58.19,,,,,,,31.35,17.88,,,,13.17,,20.25,,,,,,,,,,,,,,20.78,,,,45.71,,10.95,41.62,,,,,,,,,,,,,15.81,,,14.18,,33.36,,,,,,91.95,40.53,,,,5.84,,,,28.68
,,,,,,,,,,,,,,,,,,,,,,,,,,,,,,,,,,,,,,,,,,,,,,,,,,,,,,,,,,,,,,,,,,,,,,,,,,,,,,,,,,,,,,,,,,,,,,,,,,,,,,,,,,,,,,,,,,,,,,,,,,,,,,,,,,,,,,,,,,,,,,,,,,,,,,,,,,,,,,,,,,,,,,,,,,,,,,,,,,,,,,,,,,,,,,,
1967,,,,,,,,,39.25,15.63,,,,,,,54.08,,,,,,,,,,,7.31,,,,56.96,,,,,9.69,,,26.67,,,,,,10.06,,,,,21.02,,23.81,,,,,,,8.16,16.05,,,,22.55,28.26,21.15,,11.68,,,35.02,,7.17,,,,38.51,,,,47.06,,33.26,20.47,8.22,,,13.48,,3.74,,,,,,,,,,,,,,32.46,,,23.64,,,,8.69,,,,,25.57,,,,,55.01,59.72,,,,,22.61,,32.46,17.79,,,,13.36,,18.49,,,,,,,,,,,,,,26.61,,,,41.10,,10.95,43.06,,,,,,,16.12,,,,,,14.99,,,,,33.32,,,,,,89.15,39.11,,,,6.74,,,,29.73
,,,,,,,,,,,,,,,,,,,,,,,,,,,,,,,,,,,,,,,,,,,,,,,,,,,,,,,,,,,,,,,,,,,,,,,,,,,,,,,,,,,,,,,,,,,,,,,,,,,,,,,,,,,,,,,,,,,,,,,,,,,,,,,,,,,,,,,,,,,,,,,,,,,,,,,,,,,,,,,,,,,,,,,,,,,,,,,,,,,,,,,,,,,,,,,
1968,,,,,,,,,38.21,16.76,,8.70,,,,,54.52,,,,,,,,,,,8.46,,,,56.26,,,,,9.95,,,27.69,,,,,,9.36,,,,,24.63,,24.24,,,,,,,8.02,15.83,,,,22.49,28.43,23.03,,12.56,,,36.35,,7.21,,,,40.28,,,,44.73,,35.83,22.77,8.71,,,12.67,,2.76,,,,,,,,,,,,,,34.86,,,24.66,,,,11.78,,,,,24.88,,,,,54.41,62.56,,,20.45,,22.47,,34.44,17.98,,,,13.90,,17.17,,,,,,,,,,,,,,35.94,,,,42.67,,11.03,45.95,,,,,,,17.63,,,,,,15.12,,,15.23,,33.22,,,,,,88.55,38.13,,,,7.84,,,,27.34
,,,,,,,,,,,,,,,,,,,,,,,,,,,,,,,,,,,,,,,,,,,,,,,,,,,,,,,,,,,,,,,,,,,,,,,,,,,,,,,,,,,,,,,,,,,,,,,,,,,,,,,,,,,,,,,,,,,,,,,,,,,,,,,,,,,,,,,,,,,,,,,,,,,,,,,,,,,,,,,,,,,,,,,,,,,,,,,,,,,,,,,,,,,,,,,
1969,,,,,,,,,35.73,16.80,,8.90,,,,,51.59,,,,,,,,,,,7.74,,,,54.36,,,,,10.78,,,26.09,,,,,,8.36,,,,,28.65,,26.05,,,,,,,6.23,14.39,,,,20.28,25.96,25.78,,11.68,,,44.74,,9.78,,,,38.77,,,,42.58,,36.53,22.04,11.96,19.91,,13.69,,2.63,,,,,,,,,,,,,,38.53,,,26.76,,,,,,,,,27.02,,,,,51.65,62.58,,,20.05,,22.32,,36.45,23.21,,,,15.02,,16.81,,,,,,,,,,,,,,33.90,,,,44.36,,11.32,43.44,,,,,,,17.65,,,,,,16.80,,,16.22,,33.15,,,,,,82.84,35.90,,,,9.91,,,,51.90
,,,,,,,,,,,,,,,,,,,,,,,,,,,,,,,,,,,,,,,,,,,,,,,,,,,,,,,,,,,,,,,,,,,,,,,,,,,,,,,,,,,,,,,,,,,,,,,,,,,,,,,,,,,,,,,,,,,,,,,,,,,,,,,,,,,,,,,,,,,,,,,,,,,,,,,,,,,,,,,,,,,,,,,,,,,,,,,,,,,,,,,,,,,,,,,
1970,,,27.04,,,,12.87,,33.91,16.17,,9.30,,,16.11,,47.49,,6.25,,63.86,,,,,,,8.46,,,12.35,56.68,20.27,15.96,36.80,,,,36.44,19.21,,,4.85,,26.82,7.62,,,25.70,,,51.29,,,,,7.66,,7.96,5.30,21.02,13.60,,,18.27,24.50,24.69,136.45,10.14,,,67.53,19.37,13.32,,,,38.15,,16.71,,41.65,,37.11,14.16,11.95,24.61,,13.93,,,,,,,,6.75,,,,,,,40.93,38.86,,79.31,35.79,,,17.92,17.05,,,,,32.08,,29.77,,1.78,49.40,56.04,35.38,8.11,16.41,,23.63,,47.91,20.67,,27.17,19.97,15.91,,16.47,,,,,5.45,8.66,,,,18.01,,,21.08,48.25,,,,43.30,,11.54,40.44,,,,,,16.90,28.96,38.88,48.53,,,16.75,20.07,,,22.08,41.76,39.84,,,16.71,,,73.24,35.68,19.95,,,,,,57.27,46.73
,,,,,,,,,,,,,,,,,,,,,,,,,,,,,,,,,,,,,,,,,,,,,,,,,,,,,,,,,,,,,,,,,,,,,,,,,,,,,,,,,,,,,,,,,,,,,,,,,,,,,,,,,,,,,,,,,,,,,,,,,,,,,,,,,,,,,,,,,,,,,,,,,,,,,,,,,,,,,,,,,,,,,,,,,,,,,,,,,,,,,,,,,,,,,,,
1971,,,31.83,,,,11.52,,31.33,14.41,,10.25,,,17.12,,45.77,,6.71,,65.72,,,,,,,6.92,,,15.98,57.83,20.38,17.82,47.56,,,,37.94,21.23,,,4.93,,22.84,7.72,,,25.73,,20.90,53.56,,,,,8.38,,8.14,4.58,20.06,16.47,,,18.38,22.52,24.97,73.20,11.72,,,113.98,16.79,15.03,,,,37.55,,16.36,,39.85,,41.95,15.63,14.18,32.64,,13.29,,11.27,,0.00,,,,4.89,,,,,,36.60,36.74,43.35,,74.68,38.22,,,20.81,17.02,,,,,32.57,,34.24,,3.08,46.80,51.56,31.61,10.38,11.69,,24.30,,51.68,22.42,,27.20,19.01,15.06,,15.72,,,,,6.37,7.77,,,,18.70,,,31.83,53.73,,,,41.09,,10.53,44.01,,,,,27.10,15.32,29.35,38.66,50.86,,,76.88,23.67,,,16.47,39.19,34.42,,,19.21,,,65.55,36.17,22.33,,,,,,54.96,41.48
,,,,,,,,,,,,,,,,,,,,,,,,,,,,,,,,,,,,,,,,,,,,,,,,,,,,,,,,,,,,,,,,,,,,,,,,,,,,,,,,,,,,,,,,,,,,,,,,,,,,,,,,,,,,,,,,,,,,,,,,,,,,,,,,,,,,,,,,,,,,,,,,,,,,,,,,,,,,,,,,,,,,,,,,,,,,,,,,,,,,,,,,,,,,,,,
1972,,,27.51,,,,9.35,,29.74,13.42,,8.98,,,16.32,,44.84,,5.41,,77.67,,45.78,,,,,7.54,,,14.54,56.62,20.53,12.81,63.72,,20.77,,35.09,23.36,,,5.68,,27.65,6.64,,,25.57,,23.27,53.09,12.11,,,,8.62,,8.67,3.73,17.71,21.19,,,18.54,28.68,26.52,63.69,13.15,,,127.15,17.17,16.77,,,14.84,37.16,,14.50,,37.34,63.93,47.70,15.58,18.38,35.07,,13.49,,16.19,,0.02,,,,3.93,,,,,,39.56,41.26,45.60,,69.93,34.15,,,22.95,17.87,,,,,31.38,,42.71,,3.78,44.30,46.36,30.19,12.37,11.12,,26.09,,91.07,28.77,,26.62,20.56,16.57,,14.51,,,,,8.69,14.07,,,,17.59,,,31.78,49.95,,,,41.12,,10.72,45.12,,,,,30.00,14.76,29.20,38.04,48.15,,,75.45,27.62,,,17.87,34.13,30.05,,,21.95,,,62.04,35.14,26.08,,,7.22,,,58.24,38.76
,,,,,,,,,,,,,,,,,,,,,,,,,,,,,,,,,,,,,,,,,,,,,,,,,,,,,,,,,,,,,,,,,,,,,,,,,,,,,,,,,,,,,,,,,,,,,,,,,,,,,,,,,,,,,,,,,,,,,,,,,,,,,,,,,,,,,,,,,,,,,,,,,,,,,,,,,,,,,,,,,,,,,,,,,,,,,,,,,,,,,,,,,,,,,,,
1973,,,33.39,,,,13.33,,26.47,13.36,,9.35,,,15.81,,42.38,,5.58,,80.92,,45.80,,,,,7.82,,,14.74,52.27,24.72,13.86,100.86,,19.81,,34.17,21.63,,,4.98,,31.33,5.85,,,23.86,,19.02,55.86,10.23,,,,8.44,,11.85,2.55,15.83,28.33,8.47,,18.10,25.08,21.98,49.69,11.45,,,145.29,13.79,16.64,,,11.78,32.70,,14.26,,35.09,62.14,50.64,20.94,18.11,38.29,,14.07,,15.91,,0.06,,,,5.15,4.32,36.40,6.35,,,,48.75,40.89,,52.43,31.89,,,18.31,19.96,,,,,29.91,,35.51,,6.58,41.10,44.34,32.94,13.18,13.74,,26.36,7.44,74.96,32.59,23.27,24.15,22.64,15.26,,13.58,,,,,10.06,21.15,,,,19.45,,6.19,37.48,45.10,,,,38.19,,9.92,43.82,,,,,27.97,17.79,28.49,36.95,39.02,,,75.30,24.66,,,17.54,33.76,23.05,,,25.15,,1.01,54.56,33.66,21.54,,,6.93,,,60.10,34.26
,,,,,,,,,,,,,,,,,,,,,,,,,,,,,,,,,,,,,,,,,,,,,,,,,,,,,,,,,,,,,,,,,,,,,,,,,,,,,,,,,,,,,,,,,,,,,,,,,,,,,,,,,,,,,,,,,,,,,,,,,,,,,,,,,,,,,,,,,,,,,,,,,,,,,,,,,,,,,,,,,,,,,,,,,,,,,,,,,,,,,,,,,,,,,,,
1974,,,32.52,,,,13.81,,23.01,12.81,,13.50,3.07,16.34,,,38.84,,6.95,,52.72,,42.44,,,,,7.27,,,14.47,49.45,26.62,18.55,78.64,,18.76,,40.92,24.70,,,8.43,,37.32,5.08,,,22.77,,14.62,55.12,14.43,,,,7.99,,12.60,1.72,15.42,35.78,8.97,,19.02,19.61,22.51,45.97,10.91,,,126.32,21.68,18.54,,,12.73,36.66,,7.01,,43.45,79.76,50.17,24.28,18.87,35.18,,13.08,,16.55,,0.11,,,,,3.94,29.95,7.45,,9.89,39.94,45.61,36.41,,58.31,28.80,,,26.34,21.68,,,,,27.83,,35.07,,6.80,38.10,40.60,40.01,18.33,13.06,,26.11,27.56,63.84,37.63,21.02,18.42,24.01,13.44,,13.50,,,,,9.59,24.38,,,,23.40,,6.24,42.61,43.64,,,,33.70,,8.41,40.82,,,,,26.83,13.53,28.86,38.36,37.12,,,72.17,18.85,,,13.98,35.03,19.04,,,25.91,,1.56,51.60,32.24,24.01,,,6.05,,,47.65,33.76
,,,,,,,,,,,,,,,,,,,,,,,,,,,,,,,,,,,,,,,,,,,,,,,,,,,,,,,,,,,,,,,,,,,,,,,,,,,,,,,,,,,,,,,,,,,,,,,,,,,,,,,,,,,,,,,,,,,,,,,,,,,,,,,,,,,,,,,,,,,,,,,,,,,,,,,,,,,,,,,,,,,,,,,,,,,,,,,,,,,,,,,,,,,,,,,
1975,,,36.62,,,,18.35,,22.86,19.75,,15.06,3.60,17.55,,,39.84,,10.06,,56.19,,42.41,,,,,8.86,,,16.94,49.82,25.14,24.32,108.32,,19.40,,45.83,28.87,,,10.55,,39.88,4.26,,20.38,21.35,,15.07,75.85,12.66,,,,11.36,,13.20,1.98,16.09,38.11,10.41,,24.33,16.47,24.08,40.30,10.55,,,176.77,22.96,24.03,,,16.68,38.61,,9.27,,48.34,85.09,56.64,30.38,23.87,36.03,,13.09,,18.88,,0.18,,,,,5.18,25.07,15.46,,10.01,35.40,45.19,42.63,,53.82,26.51,,,25.97,24.43,,,,,37.81,,30.79,,8.19,38.80,41.60,57.81,16.18,10.48,,27.57,25.78,52.77,52.64,22.23,18.23,26.95,13.05,,19.17,,,,,8.52,27.95,,,,18.45,,7.23,42.81,52.45,,,,32.80,,7.25,42.98,,,20.54,,4.96,14.45,28.03,42.25,35.85,,,73.18,18.13,32.25,,11.71,30.39,20.24,,,20.59,,2.50,46.68,33.14,27.17,,,4.64,,,77.29,31.88
,,,,,,,,,,,,,,,,,,,,,,,,,,,,,,,,,,,,,,,,,,,,,,,,,,,,,,,,,,,,,,,,,,,,,,,,,,,,,,,,,,,,,,,,,,,,,,,,,,,,,,,,,,,,,,,,,,,,,,,,,,,,,,,,,,,,,,,,,,,,,,,,,,,,,,,,,,,,,,,,,,,,,,,,,,,,,,,,,,,,,,,,,,,,,,,
1976,,,43.31,,,,13.80,,22.30,23.83,,15.54,4.52,22.08,,,40.07,13.67,12.23,,68.93,,45.65,,,,10.89,10.28,,,21.16,42.79,25.38,27.68,68.26,,17.59,,50.48,30.73,,,15.60,,47.82,4.49,,20.03,21.90,,15.00,75.21,14.18,,,,14.11,,13.70,2.29,15.10,49.40,14.93,,,13.67,,35.67,11.89,,,234.28,24.07,26.47,,,17.19,36.24,38.07,7.33,,51.70,97.41,56.21,47.06,29.07,37.18,,13.77,,17.07,,0.32,,,,22.06,6.79,,12.65,,9.20,14.16,48.70,42.20,,56.32,22.84,,,21.05,31.34,,,,,40.97,,25.08,,11.94,37.90,47.63,59.50,14.85,9.05,,27.76,25.82,56.17,69.75,24.01,19.80,34.51,16.76,,24.53,,,,,10.07,36.23,,,,23.39,,4.49,50.01,56.83,,,,42.47,,13.00,50.53,,,18.74,,4.99,10.92,26.14,46.66,46.51,,,72.28,20.28,44.00,,9.67,32.89,20.36,,,23.26,,4.46,48.88,34.48,28.88,,,8.55,,,86.32,36.39
,,,,,,,,,,,,,,,,,,,,,,,,,,,,,,,,,,,,,,,,,,,,,,,,,,,,,,,,,,,,,,,,,,,,,,,,,,,,,,,,,,,,,,,,,,,,,,,,,,,,,,,,,,,,,,,,,,,,,,,,,,,,,,,,,,,,,,,,,,,,,,,,,,,,,,,,,,,,,,,,,,,,,,,,,,,,,,,,,,,,,,,,,,,,,,,
1977,,,54.45,,,,15.84,,21.49,26.50,,16.56,4.39,25.70,34.21,,42.94,16.90,14.08,,82.40,,42.43,,,,12.46,12.40,,,30.04,44.25,26.49,33.84,58.76,,14.78,,59.03,33.34,,,10.71,,38.89,8.78,,24.99,21.12,,18.98,78.33,13.49,,,,14.88,,17.03,3.01,14.99,67.46,24.18,,27.00,10.65,,33.13,11.85,,,272.19,30.28,28.15,,,18.68,38.61,27.66,9.23,,49.15,141.96,55.22,48.02,35.12,37.46,,,,18.38,,0.37,,,,17.47,13.90,35.56,9.95,,9.01,40.19,52.32,44.60,,58.25,19.34,,77.88,30.01,41.49,,,,,53.76,,27.12,,15.65,37.80,44.60,62.73,12.09,13.04,,32.99,22.49,57.52,77.68,23.16,18.93,44.82,19.83,,26.88,,,,,11.28,46.21,,,,27.27,,4.95,55.73,82.63,,,,45.26,,15.33,68.15,,,22.99,,3.08,10.41,28.37,46.90,52.53,,,70.39,21.53,59.32,,,,24.01,,,14.92,,5.14,50.46,34.77,26.13,,,11.45,,,95.66,36.18
,,,,,,,,,,,,,,,,,,,,,,,,,,,,,,,,,,,,,,,,,,,,,,,,,,,,,,,,,,,,,,,,,,,,,,,,,,,,,,,,,,,,,,,,,,,,,,,,,,,,,,,,,,,,,,,,,,,,,,,,,,,,,,,,,,,,,,,,,,,,,,,,,,,,,,,,,,,,,,,,,,,,,,,,,,,,,,,,,,,,,,,,,,,,,,,
1978,,,70.35,,,,16.70,,22.38,30.37,,13.50,8.64,25.08,33.52,,45.97,27.36,15.11,,82.49,,21.91,29.91,,,14.86,17.33,,,32.24,47.06,24.30,36.90,47.15,,13.04,,69.99,38.51,,,13.55,,36.35,14.10,,16.04,23.45,,29.70,102.76,14.52,,,,16.46,,16.58,4.95,,80.14,22.46,,28.39,9.43,,34.57,12.30,,,264.42,32.90,32.80,,,19.85,38.35,30.34,,,50.65,133.56,59.45,57.94,41.69,41.46,,,,16.82,,0.47,,,,22.48,12.86,37.11,22.67,,8.23,25.87,59.82,44.28,41.81,59.81,18.19,,94.76,39.80,38.95,,,,,59.45,,28.08,,14.80,41.10,49.99,76.93,14.66,19.16,,38.46,22.19,55.66,83.15,20.28,20.73,56.00,23.10,,29.89,,,,,13.26,53.26,,,,33.33,,,59.85,88.57,,,,44.74,,14.33,71.14,,,20.92,,,26.98,32.76,46.56,59.45,,,73.41,23.31,89.75,,16.12,39.11,25.81,,,15.10,,4.88,51.63,33.83,22.34,,,15.29,,,98.60,
,,,,,,,,,,,,,,,,,,,,,,,,,,,,,,,,,,,,,,,,,,,,,,,,,,,,,,,,,,,,,,,,,,,,,,,,,,,,,,,,,,,,,,,,,,,,,,,,,,,,,,,,,,,,,,,,,,,,,,,,,,,,,,,,,,,,,,,,,,,,,,,,,,,,,,,,,,,,,,,,,,,,,,,,,,,,,,,,,,,,,,,,,,,,,,,
1979,,,65.20,,,,13.51,,22.89,32.24,,10.94,8.97,22.78,31.58,,49.43,29.08,22.66,,92.03,,14.13,30.35,,,15.97,22.17,,,33.14,45.06,20.36,47.20,38.80,,14.43,,64.64,50.77,45.63,,15.36,,31.44,19.37,,17.76,23.76,,28.17,128.29,18.21,,,,17.96,,17.02,,,71.84,31.79,,29.29,11.17,22.52,26.23,11.98,,,299.84,32.43,36.13,,,20.99,40.86,21.96,,,54.95,155.51,58.25,83.32,47.59,38.03,,25.39,,14.10,,0.51,,,,25.93,19.20,49.49,20.19,,7.12,37.56,58.37,42.48,40.96,48.86,,,89.59,45.16,35.78,,,,,58.93,,27.38,,15.60,42.30,52.01,116.35,14.69,18.72,,42.06,13.17,60.18,78.88,20.78,18.02,45.90,22.46,,33.52,,,,,12.43,58.74,,,,33.88,,,57.25,88.97,,,,41.93,,15.39,66.52,,,22.58,,,26.26,37.55,44.60,54.29,,,73.13,25.28,104.93,,13.89,36.72,23.55,,,12.58,,5.21,45.30,,17.50,,,17.74,,,96.53,17.74
,,,,,,,,,,,,,,,,,,,,,,,,,,,,,,,,,,,,,,,,,,,,,,,,,,,,,,,,,,,,,,,,,,,,,,,,,,,,,,,,,,,,,,,,,,,,,,,,,,,,,,,,,,,,,,,,,,,,,,,,,,,,,,,,,,,,,,,,,,,,,,,,,,,,,,,,,,,,,,,,,,,,,,,,,,,,,,,,,,,,,,,,,,,,,,,
1980,,,55.60,,,,12.56,,21.35,33.97,,8.66,9.00,21.38,28.51,,,33.74,23.07,,100.02,,13.31,33.10,,,16.30,19.20,,,31.15,45.41,28.76,46.19,29.59,,12.44,,65.73,57.87,48.03,,20.49,,33.22,27.12,,18.15,25.42,,23.96,121.70,25.02,182.64,,,18.95,,20.97,,20.76,35.72,45.34,,31.25,9.02,22.53,28.45,14.99,,,318.93,33.44,41.03,,,,41.25,17.26,36.99,,56.06,154.32,56.08,87.78,50.63,36.75,,25.96,,16.96,,0.61,,,,33.53,24.79,61.80,10.74,,6.36,49.10,59.56,44.68,74.93,55.27,14.86,,93.34,50.94,31.41,,,,,59.78,,24.95,,18.19,44.60,52.27,152.05,19.28,18.55,,36.90,7.02,54.25,69.41,24.42,16.32,36.34,24.85,,29.55,,,,,12.83,67.03,,,,38.63,,20.00,63.00,72.30,,,10.74,33.28,,17.21,71.85,,,22.82,,,22.48,46.92,43.93,59.88,,,77.67,29.25,92.08,,,34.19,22.37,,,22.69,,3.50,42.77,41.18,16.64,,,15.67,,,100.01,25.70
,,,,,,,,,,,,,,,,,,,,,,,,,,,,,,,,,,,,,,,,,,,,,,,,,,,,,,,,,,,,,,,,,,,,,,,,,,,,,,,,,,,,,,,,,,,,,,,,,,,,,,,,,,,,,,,,,,,,,,,,,,,,,,,,,,,,,,,,,,,,,,,,,,,,,,,,,,,,,,,,,,,,,,,,,,,,,,,,,,,,,,,,,,,,,,,
1981,,,44.73,,,,21.32,,18.94,36.08,,11.38,7.29,24.28,35.97,,,40.90,40.12,,121.70,,15.94,34.77,,,19.20,22.67,36.30,,27.99,46.56,33.31,34.96,19.03,,13.94,,82.52,103.64,60.99,,22.45,,39.56,36.52,,38.02,26.81,,29.38,127.65,43.00,276.11,,,31.57,,23.46,11.70,21.97,28.52,61.92,,34.86,5.68,26.68,33.95,22.16,,,357.50,39.31,48.09,,,23.03,40.40,16.43,46.02,,59.80,,58.46,100.60,55.29,38.07,,30.67,,18.86,,2.51,,,,43.79,33.31,78.37,18.37,,6.74,69.10,69.03,52.66,88.09,68.40,13.27,,100.89,56.08,,,,,,75.45,,,,21.17,48.00,50.53,149.09,32.47,25.30,,,6.97,48.21,68.69,30.39,14.39,30.62,27.56,,37.41,,,,,12.39,87.78,,,,47.45,,23.79,72.99,59.65,,,11.67,27.43,,22.19,73.58,,16.29,28.11,,,21.06,55.37,40.78,60.45,,,75.61,32.43,99.20,,9.00,35.12,32.00,,,20.67,,3.22,45.09,40.33,17.12,,4.23,16.86,,,97.37,21.65
,,,,,,,,,,,,,,,,,,,,,,,,,,,,,,,,,,,,,,,,,,,,,,,,,,,,,,,,,,,,,,,,,,,,,,,,,,,,,,,,,,,,,,,,,,,,,,,,,,,,,,,,,,,,,,,,,,,,,,,,,,,,,,,,,,,,,,,,,,,,,,,,,,,,,,,,,,,,,,,,,,,,,,,,,,,,,,,,,,,,,,,,,,,,,,,
1982,,,44.51,,,,35.99,,17.39,38.88,,13.13,8.55,28.55,38.19,,98.79,48.70,61.61,1.72,155.38,,25.45,36.63,,,22.02,27.17,48.63,,27.85,52.26,35.95,30.58,33.96,,16.23,63.32,126.63,101.27,77.92,,22.04,,39.01,47.93,,43.57,33.23,,27.17,134.36,49.23,325.57,,,50.52,,27.87,14.03,25.27,27.18,71.33,,37.79,5.04,29.31,49.42,32.88,,,509.33,42.58,54.34,,87.30,29.79,41.99,18.56,45.34,,63.77,,63.14,104.97,59.26,,,35.83,,21.29,,5.13,,,,125.14,47.27,81.88,22.94,,6.87,77.60,76.90,64.39,84.68,83.44,12.52,,123.63,64.88,47.55,,,,,80.05,,,,26.97,53.70,51.56,159.12,35.03,36.99,,,10.14,54.89,74.38,35.98,17.98,34.24,32.90,,40.92,,,,,14.21,76.12,,,,58.50,,31.96,75.33,63.89,,,15.31,31.32,,24.52,78.46,,19.61,31.36,,,24.01,65.56,40.04,84.08,,,71.96,37.35,108.39,,8.00,38.26,33.43,,,20.91,,4.55,43.39,44.98,34.61,,5.08,16.77,,,115.09,28.72
,,,,,,,,,,,,,,,,,,,,,,,,,,,,,,,,,,,,,,,,,,,,,,,,,,,,,,,,,,,,,,,,,,,,,,,,,,,,,,,,,,,,,,,,,,,,,,,,,,,,,,,,,,,,,,,,,,,,,,,,,,,,,,,,,,,,,,,,,,,,,,,,,,,,,,,,,,,,,,,,,,,,,,,,,,,,,,,,,,,,,,,,,,,,,,,
1983,,,46.76,,,,46.66,,18.89,43.97,,14.56,8.61,30.27,40.82,,109.36,58.71,73.47,3.49,157.30,,24.66,48.19,,,26.94,36.80,58.50,,27.87,57.84,41.41,29.99,71.43,,20.17,79.56,146.37,110.25,84.90,,25.94,,83.80,54.17,,43.13,41.09,,53.01,124.06,63.72,323.85,,,57.24,,31.38,15.60,26.59,23.89,79.56,,39.38,7.14,33.59,61.42,37.18,,,598.30,48.42,57.60,,84.90,31.52,,23.14,35.34,,71.07,260.46,69.40,127.85,64.83,,,34.78,,20.46,,16.52,,,,131.91,46.57,95.18,16.72,,7.38,79.08,78.14,75.59,85.02,93.79,14.78,,132.38,61.53,57.41,,,,,94.58,,,,32.76,59.80,59.64,211.60,43.92,61.11,,38.86,13.98,54.56,80.89,41.06,21.73,56.18,43.12,,44.45,,,,,16.11,73.68,,,,72.87,,42.66,80.03,69.02,,,20.27,28.71,,29.63,78.29,,19.93,32.11,,,22.91,69.59,34.38,100.75,,,73.29,38.39,117.67,,11.00,41.49,32.69,,,43.13,,5.49,42.18,47.85,74.93,,4.47,20.36,,,126.52,31.92
,,,,,,,,,,,,,,,,,,,,,,,,,,,,,,,,,,,,,,,,,,,,,,,,,,,,,,,,,,,,,,,,,,,,,,,,,,,,,,,,,,,,,,,,,,,,,,,,,,,,,,,,,,,,,,,,,,,,,,,,,,,,,,,,,,,,,,,,,,,,,,,,,,,,,,,,,,,,,,,,,,,,,,,,,,,,,,,,,,,,,,,,,,,,,,,
1984,,,47.32,,,,40.49,,20.36,42.35,,14.16,13.15,28.51,41.34,,113.65,56.66,65.33,3.06,166.50,,29.06,53.63,,,30.61,44.17,64.23,,25.02,60.87,43.70,25.41,117.49,0.97,25.12,99.58,162.43,95.57,82.87,,26.15,,59.24,63.56,,54.13,30.17,,56.61,123.05,98.64,322.16,,,67.76,,28.54,15.42,28.99,25.80,93.53,,40.09,16.24,40.06,60.10,44.74,,,610.20,45.87,60.53,,85.59,33.23,,23.52,9.23,,75.05,283.96,74.90,158.71,66.34,,,34.07,,20.73,,18.69,,,,107.69,47.17,,26.89,,7.66,97.39,77.31,77.35,72.38,98.54,15.30,,148.40,63.65,53.98,,,,,105.57,,,,39.31,63.40,62.80,197.97,54.69,63.94,,38.63,15.01,54.24,81.84,46.13,28.35,56.67,45.78,,48.79,,,,,18.55,75.68,,,,75.85,,47.49,66.49,73.17,,,25.63,23.20,,36.16,66.56,39.90,20.27,31.32,,36.23,22.79,70.88,34.06,116.34,,,78.64,40.35,114.48,,16.00,42.29,42.57,,,43.91,,5.69,42.59,49.51,99.89,,5.71,33.26,,,140.73,40.03
,,,,,,,,,,,,,,,,,,,,,,,,,,,,,,,,,,,,,,,,,,,,,,,,,,,,,,,,,,,,,,,,,,,,,,,,,,,,,,,,,,,,,,,,,,,,,,,,,,,,,,,,,,,,,,,,,,,,,,,,,,,,,,,,,,,,,,,,,,,,,,,,,,,,,,,,,,,,,,,,,,,,,,,,,,,,,,,,,,,,,,,,,,,,,,,
1985,,,47.05,,,,60.47,,22.00,45.36,,12.09,11.65,31.78,45.46,,118.38,68.79,70.34,12.05,205.25,,39.84,37.89,,,32.15,47.58,75.58,,27.31,65.88,40.36,23.43,165.55,3.31,30.51,115.87,195.03,98.18,96.88,,26.98,,72.94,68.39,,60.33,60.69,,53.78,119.81,108.27,229.51,,,70.12,,30.62,16.11,30.58,33.88,115.51,,40.69,21.20,46.62,57.59,46.31,,,664.52,43.09,65.73,,96.43,32.77,35.84,27.98,10.20,,76.14,198.99,80.90,181.28,66.67,,,38.38,,21.46,,18.76,,,,84.72,72.28,,27.16,,6.31,113.17,89.85,86.85,67.52,114.80,14.24,,173.46,71.76,51.91,,,,,117.71,,,,41.14,68.70,71.79,218.01,66.23,69.67,,40.75,19.82,60.19,81.37,55.05,38.97,63.44,53.08,,56.53,,,,,20.28,77.52,,,,82.35,,68.17,88.22,82.65,,,43.84,26.34,,41.02,78.64,44.69,21.18,30.16,,50.30,38.78,70.40,33.45,138.22,,,93.29,49.27,122.01,40.19,17.00,45.48,44.28,,,53.37,,10.94,41.54,54.09,92.09,,7.13,31.56,,,157.28,38.83
,,,,,,,,,,,,,,,,,,,,,,,,,,,,,,,,,,,,,,,,,,,,,,,,,,,,,,,,,,,,,,,,,,,,,,,,,,,,,,,,,,,,,,,,,,,,,,,,,,,,,,,,,,,,,,,,,,,,,,,,,,,,,,,,,,,,,,,,,,,,,,,,,,,,,,,,,,,,,,,,,,,,,,,,,,,,,,,,,,,,,,,,,,,,,,,
1986,,,60.54,,,,55.76,,23.41,48.28,,11.73,17.82,36.23,47.79,,123.62,62.14,64.77,15.22,148.99,,31.69,43.75,,,31.02,54.70,63.97,,28.10,70.10,42.27,23.41,164.96,3.24,35.13,100.68,175.77,91.47,95.20,,28.63,,78.47,66.21,,60.98,55.45,,78.09,122.02,89.23,190.43,,,78.45,,29.56,16.73,31.18,38.08,106.38,,40.54,30.35,47.14,54.95,50.27,,153.16,717.72,44.62,69.90,,104.65,30.50,39.07,38.25,44.18,,86.22,162.47,85.12,169.59,69.93,,,41.65,,18.99,,23.07,,,,80.74,80.66,,31.31,,7.90,117.50,101.24,106.32,67.53,101.28,11.86,,178.55,63.60,78.14,,,,,106.77,,,,41.92,70.60,70.67,159.21,60.93,114.38,,51.09,34.93,69.98,81.18,59.41,38.60,48.57,77.73,50.82,56.89,,,,,23.12,72.04,,,,74.91,,82.36,106.79,84.61,,,62.88,32.50,,42.23,85.02,44.18,21.18,35.89,,71.55,46.00,69.68,32.13,128.38,,,72.27,53.00,95.40,40.05,37.00,56.50,38.21,,,44.40,,10.20,41.52,57.52,92.27,,8.68,45.25,,,238.75,39.61
,,,,,,,,,,,,,,,,,,,,,,,,,,,,,,,,,,,,,,,,,,,,,,,,,,,,,,,,,,,,,,,,,,,,,,,,,,,,,,,,,,,,,,,,,,,,,,,,,,,,,,,,,,,,,,,,,,,,,,,,,,,,,,,,,,,,,,,,,,,,,,,,,,,,,,,,,,,,,,,,,,,,,,,,,,,,,,,,,,,,,,,,,,,,,,,
1987,,,69.33,,,,72.56,,22.06,54.57,,11.46,26.84,40.44,50.22,,128.14,55.96,67.27,,145.34,,31.32,47.89,,,34.51,74.02,58.87,,28.67,70.55,51.24,27.25,147.05,3.60,38.33,98.58,172.62,90.16,104.82,,32.65,,98.48,60.58,,58.74,55.80,,88.71,100.56,92.92,176.50,,,85.31,,34.66,17.96,33.53,78.48,136.70,,41.60,46.55,52.41,55.77,55.65,,231.81,615.25,98.97,73.56,,112.76,27.94,41.41,49.73,46.31,,87.09,143.23,89.11,157.86,72.46,,,48.35,,16.56,,28.93,,,,35.25,83.15,,31.52,,6.70,168.01,122.28,109.04,68.07,104.58,15.43,,181.71,54.15,77.65,,,,,113.95,,,,47.75,73.00,76.05,266.59,61.58,146.66,,42.77,30.86,72.08,88.86,62.05,54.97,39.09,79.22,64.13,54.46,,,,,28.96,72.78,,,,78.14,,90.63,132.58,88.96,,,73.52,33.49,,42.07,94.09,42.30,24.28,41.43,,,37.04,61.87,31.21,113.64,,,126.20,51.25,95.48,46.14,46.00,51.49,40.34,,,,,8.57,39.62,59.28,88.31,,13.70,55.35,,,219.13,45.65
,,,,,,,,,,,,,,,,,,,,,,,,,,,,,,,,,,,,,,,,,,,,,,,,,,,,,,,,,,,,,,,,,,,,,,,,,,,,,,,,,,,,,,,,,,,,,,,,,,,,,,,,,,,,,,,,,,,,,,,,,,,,,,,,,,,,,,,,,,,,,,,,,,,,,,,,,,,,,,,,,,,,,,,,,,,,,,,,,,,,,,,,,,,,,,,
1988,,,83.43,,,,59.74,,24.82,58.88,,12.29,12.19,39.46,51.98,,128.59,47.01,64.95,14.42,115.91,,26.27,84.90,,,32.42,80.78,53.81,,29.36,70.52,51.93,26.92,113.25,4.46,35.19,94.17,167.95,86.05,97.17,,33.41,,86.51,57.15,,51.37,59.99,,99.85,94.90,81.30,192.97,,,87.49,,35.59,16.83,33.48,76.93,121.38,,42.03,41.32,57.07,55.19,49.06,,293.90,603.05,153.43,71.74,,101.82,31.24,41.97,45.56,59.70,,84.77,145.36,90.83,132.71,70.35,,,45.10,2.18,13.52,,43.75,,,,,86.91,,32.85,,5.14,172.71,104.67,93.98,51.54,105.89,17.90,,167.22,50.85,73.21,,,,,100.73,,,,47.14,75.50,62.35,629.19,61.58,136.60,,36.25,34.37,72.92,105.64,42.06,38.36,42.84,69.05,57.31,54.07,,,,,30.01,65.39,,,,78.51,,84.62,83.41,80.05,,,72.79,30.61,,38.65,97.68,42.98,23.24,38.47,,,32.91,55.51,29.91,140.11,,,85.93,39.58,79.36,42.43,50.00,55.58,38.64,,,,,7.72,37.34,60.15,81.54,,13.96,44.60,,,168.57,36.04
,,,,,,,,,,,,,,,,,,,,,,,,,,,,,,,,,,,,,,,,,,,,,,,,,,,,,,,,,,,,,,,,,,,,,,,,,,,,,,,,,,,,,,,,,,,,,,,,,,,,,,,,,,,,,,,,,,,,,,,,,,,,,,,,,,,,,,,,,,,,,,,,,,,,,,,,,,,,,,,,,,,,,,,,,,,,,,,,,,,,,,,,,,,,,,,
1989,,,78.41,,,,,,22.77,58.93,,,12.02,37.85,49.42,,,43.46,84.51,25.26,97.96,,21.71,102.90,,,28.72,82.68,55.15,,38.98,71.76,54.20,29.17,82.68,6.50,33.29,85.81,158.58,76.98,103.44,,29.29,,98.56,56.58,,54.04,53.29,,100.59,87.51,82.39,233.59,,,87.96,,30.89,14.55,34.27,77.57,111.19,,40.65,42.91,59.82,48.85,45.78,,258.63,602.46,166.73,68.42,,101.33,35.99,47.12,42.52,56.37,,77.37,147.41,93.31,112.77,67.30,,,44.52,4.58,10.39,,38.94,,201.85,,,91.42,,68.71,,4.00,159.92,96.35,81.35,46.20,107.14,17.59,,167.76,48.46,59.79,,,,,104.08,,52.52,,53.34,75.60,58.40,476.98,55.87,140.20,,36.21,30.03,75.48,105.59,46.56,57.29,34.90,62.73,61.95,52.69,,,,,28.53,64.28,,,,66.59,,79.86,88.87,77.46,,,75.28,33.33,,40.02,105.12,43.15,22.78,40.70,,,32.69,50.42,27.81,206.76,,,96.01,32.18,71.63,40.26,61.00,53.42,33.45,,,,,7.09,32.81,60.28,68.29,,17.91,59.19,,,161.11,33.84
,,,,,,,,,,,,,,,,,,,,,,,,,,,,,,,,,,,,,,,,,,,,,,,,,,,,,,,,,,,,,,,,,,,,,,,,,,,,,,,,,,,,,,,,,,,,,,,,,,,,,,,,,,,,,,,,,,,,,,,,,,,,,,,,,,,,,,,,,,,,,,,,,,,,,,,,,,,,,,,,,,,,,,,,,,,,,,,,,,,,,,,,,,,,,,,
1990,,,69.04,,,,55.82,,21.58,56.20,,,,39.70,53.99,,125.56,39.84,75.05,48.20,102.90,,17.11,65.71,,,28.74,83.48,52.19,,46.07,74.53,46.82,32.36,77.16,6.95,34.81,72.88,162.07,63.92,109.91,,31.96,,120.53,57.69,,56.56,57.71,36.80,100.82,91.40,55.55,196.10,,,95.19,,38.28,13.85,35.41,61.65,112.94,,42.25,,73.15,57.11,47.39,99.64,243.95,678.09,141.71,116.56,,117.24,36.22,48.35,40.82,42.22,,93.18,138.25,95.22,91.31,67.04,219.73,,50.03,7.09,8.40,,,,202.61,,98.52,83.56,,73.48,,,,90.99,,45.52,89.99,22.19,,160.75,52.05,53.52,,,,,100.11,,192.06,,58.01,76.90,61.71,"2,092.92",56.80,120.40,,32.22,21.62,78.77,96.28,58.65,38.36,56.26,,66.50,53.32,,10.72,1.03,,36.72,62.99,,,,63.10,,72.86,178.51,72.94,,,64.76,31.78,,41.46,93.38,44.37,20.32,58.59,,78.04,,46.32,34.31,189.76,,,136.94,27.36,69.33,49.76,58.00,54.85,25.78,,,,,6.52,28.82,61.99,56.10,,21.43,55.63,,,177.76,35.07
,,,,,,,,,,,,,,,,,,,,,,,,,,,,,,,,,,,,,,,,,,,,,,,,,,,,,,,,,,,,,,,,,,,,,,,,,,,,,,,,,,,,,,,,,,,,,,,,,,,,,,,,,,,,,,,,,,,,,,,,,,,,,,,,,,,,,,,,,,,,,,,,,,,,,,,,,,,,,,,,,,,,,,,,,,,,,,,,,,,,,,,,,,,,,,,
1991,,,71.65,,,,45.62,,22.91,56.40,,19.64,6.99,43.05,56.08,,126.93,41.54,72.95,58.72,92.80,,18.52,65.74,,,32.22,83.93,53.86,,49.12,81.54,58.98,39.25,66.57,7.43,33.20,71.86,159.35,52.01,118.44,,35.15,,119.10,58.84,,58.71,51.91,37.36,90.90,128.77,56.54,211.66,,,92.76,,38.53,21.88,36.30,68.72,97.66,,38.89,27.43,74.68,57.55,46.88,98.60,266.98,784.35,133.15,100.27,,127.64,38.39,75.33,39.22,33.47,,94.55,123.66,98.59,88.20,66.49,200.63,,57.31,7.34,7.81,,203.36,,180.90,,66.27,,,66.97,,4.06,138.39,77.46,68.28,50.17,93.31,25.03,,143.63,58.00,44.07,,,,,85.54,,223.12,,59.41,76.70,60.06,333.65,56.34,140.19,,44.28,27.59,,86.29,56.49,29.46,48.34,,70.56,55.69,,17.65,2.70,,49.83,79.64,,,47.89,63.93,,81.27,139.84,75.16,,,67.39,34.74,,42.02,95.22,48.80,23.57,56.54,,81.07,,55.02,36.04,182.42,,,116.40,23.39,72.66,42.28,60.00,60.82,28.36,,,,,8.24,28.80,66.37,39.87,,20.67,49.38,,,213.31,37.20
,,,,,,,,,,,,,,,,,,,,,,,,,,,,,,,,,,,,,,,,,,,,,,,,,,,,,,,,,,,,,,,,,,,,,,,,,,,,,,,,,,,,,,,,,,,,,,,,,,,,,,,,,,,,,,,,,,,,,,,,,,,,,,,,,,,,,,,,,,,,,,,,,,,,,,,,,,,,,,,,,,,,,,,,,,,,,,,,,,,,,,,,,,,,,,,
1992,,,70.11,,,,38.45,,27.15,56.37,,22.82,6.72,47.51,62.63,,128.51,41.70,67.71,44.83,92.38,,19.19,83.96,,170.64,33.18,93.30,54.83,,60.95,89.18,59.70,48.62,54.44,4.98,30.22,70.30,145.85,41.64,116.60,,36.67,,123.16,63.84,,55.30,43.74,35.34,81.90,136.57,51.75,170.95,,,92.44,,46.97,39.26,40.01,65.55,118.03,,41.52,34.12,79.97,51.75,42.04,86.28,310.98,711.94,194.63,99.87,,119.58,46.24,77.41,42.62,25.62,,91.55,119.63,105.49,109.39,71.22,149.75,,54.81,9.35,7.71,,121.85,,161.50,,50.98,73.68,,64.77,,4.79,137.27,101.89,59.95,52.66,101.93,26.90,,136.95,48.13,34.25,,,25.11,,86.26,,214.42,,65.97,77.40,64.58,448.59,57.29,127.78,,51.06,29.55,,72.22,51.73,31.10,46.78,,68.73,50.02,,16.62,11.10,116.00,52.03,75.32,,,56.84,61.71,,79.20,180.71,79.16,21.53,,54.30,34.78,,44.30,92.21,42.07,26.39,53.85,454.86,68.94,,73.34,40.98,173.62,,,128.73,19.86,69.83,39.78,55.00,55.52,29.19,,,119.02,39.46,9.14,33.66,68.61,39.27,,21.90,,229.32,118.14,142.96,50.55
,,,,,,,,,,,,,,,,,,,,,,,,,,,,,,,,,,,,,,,,,,,,,,,,,,,,,,,,,,,,,,,,,,,,,,,,,,,,,,,,,,,,,,,,,,,,,,,,,,,,,,,,,,,,,,,,,,,,,,,,,,,,,,,,,,,,,,,,,,,,,,,,,,,,,,,,,,,,,,,,,,,,,,,,,,,,,,,,,,,,,,,,,,,,,,,
1993,,,97.51,,,,35.94,58.67,30.32,60.90,19.30,25.23,6.20,52.76,70.38,,134.07,41.25,70.19,,83.78,,20.15,80.26,,289.55,37.65,111.86,56.32,,59.37,95.04,68.94,59.11,47.42,6.71,29.21,69.93,164.67,36.86,116.50,,39.19,18.30,97.68,66.99,50.46,55.41,40.09,37.26,92.73,119.29,41.18,138.33,,,136.89,,47.95,54.11,46.30,64.82,105.49,,45.12,51.04,100.29,51.75,37.45,95.89,306.33,624.64,160.14,107.13,,,53.14,76.98,40.37,24.10,,94.12,118.30,115.66,79.62,77.27,136.95,38.86,82.09,13.69,7.54,,113.00,,147.82,,50.79,81.44,,66.37,,5.99,126.80,97.72,51.86,59.81,102.54,31.58,,168.20,40.69,31.48,,,49.44,,90.35,,196.07,18.33,66.15,78.50,63.10,445.94,60.21,193.67,,61.35,29.27,,66.07,51.47,28.74,49.93,76.08,67.38,54.63,,37.53,11.68,92.40,56.28,87.29,,,69.55,65.83,,82.03,179.46,71.25,23.97,21.12,52.91,39.85,,54.77,93.66,37.43,27.30,52.23,262.61,54.66,15.28,78.19,46.65,171.94,,,142.16,18.10,90.40,,62.00,59.16,29.14,,,106.00,22.42,9.15,38.53,70.19,36.22,,22.34,,174.59,108.96,181.29,56.81
,,,,,,,,,,,,,,,,,,,,,,,,,,,,,,,,,,,,,,,,,,,,,,,,,,,,,,,,,,,,,,,,,,,,,,,,,,,,,,,,,,,,,,,,,,,,,,,,,,,,,,,,,,,,,,,,,,,,,,,,,,,,,,,,,,,,,,,,,,,,,,,,,,,,,,,,,,,,,,,,,,,,,,,,,,,,,,,,,,,,,,,,,,,,,,,
1994,,85.17,97.97,,,,28.89,34.25,31.45,64.19,18.12,26.01,5.86,55.69,71.82,32.64,132.07,41.83,101.26,46.41,87.56,,20.12,39.52,,172.30,61.80,97.38,71.94,,103.18,97.78,104.00,73.62,41.04,6.14,25.58,106.52,,37.35,151.42,25.53,35.08,16.61,162.72,66.13,55.34,56.98,34.63,38.16,78.97,111.23,36.59,195.81,,,150.68,,51.58,56.12,49.61,99.70,111.86,,47.42,76.64,98.30,52.62,37.22,99.19,326.85,526.81,58.63,111.33,,,55.66,73.46,36.96,45.66,,88.67,110.18,117.87,72.59,86.22,126.29,24.00,75.92,15.04,7.70,,114.33,,134.73,9.59,69.50,76.61,,63.37,7.77,5.50,113.54,174.25,44.34,58.64,125.22,33.02,,165.55,44.40,30.91,,,49.32,,84.79,,174.27,17.45,64.61,75.30,57.05,446.57,87.15,183.73,,51.42,31.97,72.96,63.07,53.59,27.75,41.92,65.53,58.67,57.39,,44.17,14.44,63.50,99.30,121.74,,,77.77,94.42,,90.93,241.42,66.86,21.36,18.51,51.37,46.42,,57.23,92.15,34.55,28.23,57.37,354.99,32.66,13.45,82.50,49.97,162.98,,,138.36,14.32,122.48,,57.00,59.09,39.16,,,99.09,24.90,9.14,41.42,69.39,35.33,,21.71,,,98.12,208.32,67.14
,,,,,,,,,,,,,,,,,,,,,,,,,,,,,,,,,,,,,,,,,,,,,,,,,,,,,,,,,,,,,,,,,,,,,,,,,,,,,,,,,,,,,,,,,,,,,,,,,,,,,,,,,,,,,,,,,,,,,,,,,,,,,,,,,,,,,,,,,,,,,,,,,,,,,,,,,,,,,,,,,,,,,,,,,,,,,,,,,,,,,,,,,,,,,,,
1995,,75.04,94.32,222.09,,,33.69,25.28,30.89,68.39,11.77,26.16,14.20,51.33,66.31,,130.18,47.16,75.97,41.83,81.74,,21.09,36.56,,104.33,54.89,95.34,70.81,,114.16,100.40,83.48,66.33,31.90,21.45,28.34,90.87,,34.57,121.92,27.92,46.81,14.62,171.19,68.72,57.05,59.28,31.43,39.04,61.46,96.88,31.36,124.09,33.18,8.91,142.34,69.04,52.39,55.15,55.81,90.82,114.37,59.41,54.82,75.97,98.99,49.68,34.26,92.59,318.36,447.72,43.82,96.46,,84.46,58.94,69.65,32.02,35.18,,82.12,102.20,108.69,,95.07,114.94,21.47,69.36,15.03,7.11,,91.28,44.82,118.46,11.75,78.64,71.86,,61.59,8.78,7.40,115.87,158.79,38.71,63.57,103.27,45.12,,160.03,51.30,56.80,53.99,79.48,34.43,,84.51,,,19.84,63.42,76.10,50.65,362.65,81.80,100.09,22.99,38.46,29.70,65.23,60.58,57.28,26.00,36.81,62.72,48.99,59.10,,42.32,18.64,53.70,119.51,84.68,,229.02,83.89,80.40,,98.57,185.41,69.44,19.14,16.78,47.55,46.97,,61.82,92.05,37.71,27.25,50.83,219.55,17.41,12.59,81.06,52.84,152.64,,,115.13,12.22,100.48,,55.00,57.69,34.63,,,78.31,26.21,8.55,44.45,68.80,32.99,,22.33,,111.12,153.22,226.34,81.33
,,,,,,,,,,,,,,,,,,,,,,,,,,,,,,,,,,,,,,,,,,,,,,,,,,,,,,,,,,,,,,,,,,,,,,,,,,,,,,,,,,,,,,,,,,,,,,,,,,,,,,,,,,,,,,,,,,,,,,,,,,,,,,,,,,,,,,,,,,,,,,,,,,,,,,,,,,,,,,,,,,,,,,,,,,,,,,,,,,,,,,,,,,,,,,,
1996,,76.67,79.19,147.94,,,35.57,30.33,29.11,68.33,11.09,25.82,13.67,46.19,43.35,10.69,127.48,50.82,68.47,42.58,72.43,,20.31,44.15,,141.31,51.44,113.48,72.99,30.15,98.32,100.57,92.14,65.45,26.80,21.26,,97.27,212.21,41.08,107.38,33.08,48.91,12.47,129.96,69.23,59.77,54.66,28.21,37.50,60.38,84.18,30.57,82.67,47.06,7.36,128.96,73.22,52.86,55.32,59.68,79.22,118.72,44.03,57.60,63.78,101.34,43.87,33.51,93.00,322.37,310.29,39.91,88.00,,71.56,56.30,65.98,27.54,28.42,,73.52,100.10,117.71,69.46,102.29,113.83,12.70,60.79,13.42,6.82,,59.11,51.66,119.80,10.66,98.96,81.93,,69.33,11.79,8.61,121.63,98.76,33.23,58.69,102.78,51.25,,160.39,50.82,46.59,43.91,87.49,42.49,,74.09,,,20.73,61.05,74.10,44.78,222.44,77.02,68.36,24.67,34.12,28.64,65.49,68.49,54.87,24.09,37.36,54.73,43.39,58.21,,49.55,20.97,51.90,98.98,76.78,,176.02,75.64,77.24,,104.89,161.21,69.76,18.54,20.12,42.56,44.33,,65.86,90.18,49.27,28.64,44.18,202.89,12.60,12.57,84.36,54.29,141.48,,,99.02,14.77,93.61,,53.00,55.20,35.46,,,75.70,23.48,5.90,44.55,68.03,31.81,,20.77,,94.44,231.02,236.35,72.50
,,,,,,,,,,,,,,,,,,,,,,,,,,,,,,,,,,,,,,,,,,,,,,,,,,,,,,,,,,,,,,,,,,,,,,,,,,,,,,,,,,,,,,,,,,,,,,,,,,,,,,,,,,,,,,,,,,,,,,,,,,,,,,,,,,,,,,,,,,,,,,,,,,,,,,,,,,,,,,,,,,,,,,,,,,,,,,,,,,,,,,,,,,,,,,,
1997,,81.87,75.82,118.14,,,32.66,32.76,25.79,64.35,8.60,26.61,15.38,44.76,40.73,10.43,122.67,52.30,68.21,39.40,64.56,,18.62,46.48,,96.44,54.27,99.96,75.91,31.58,94.51,95.59,89.23,67.64,26.32,20.45,29.41,103.51,219.99,41.62,100.78,34.12,53.70,13.08,136.93,,53.88,49.28,25.44,38.28,56.67,73.99,27.38,41.94,52.99,6.14,77.43,72.52,58.64,52.25,61.10,76.23,114.36,42.34,58.77,71.27,99.45,41.43,30.89,93.50,316.00,271.17,40.76,75.81,,62.12,53.08,67.82,26.41,22.98,,64.33,99.40,113.43,69.38,109.10,106.65,17.97,50.55,12.79,10.25,,59.20,58.22,129.84,10.33,102.67,75.10,,65.63,15.46,8.50,107.87,83.45,30.04,53.23,105.56,60.55,18.94,158.21,49.79,42.61,47.28,89.05,52.22,,78.97,,,19.60,58.59,68.20,36.99,231.04,83.44,79.51,30.85,30.20,28.21,65.80,63.39,55.20,22.54,34.52,58.68,42.93,54.34,,48.02,23.74,54.70,85.67,,,252.01,77.15,84.04,,101.24,178.09,68.83,21.00,20.70,41.23,45.76,,64.57,82.98,67.08,32.38,42.14,146.24,17.97,12.07,82.98,56.95,147.62,24.95,,78.53,40.37,84.30,,49.00,62.50,32.47,50.65,,79.12,29.88,4.84,43.87,65.62,32.85,,20.23,,76.15,106.48,190.36,69.06
,,,,,,,,,,,,,,,,,,,,,,,,,,,,,,,,,,,,,,,,,,,,,,,,,,,,,,,,,,,,,,,,,,,,,,,,,,,,,,,,,,,,,,,,,,,,,,,,,,,,,,,,,,,,,,,,,,,,,,,,,,,,,,,,,,,,,,,,,,,,,,,,,,,,,,,,,,,,,,,,,,,,,,,,,,,,,,,,,,,,,,,,,,,,,,,
1998,,71.86,79.78,154.95,,102.61,35.20,33.56,23.70,64.78,19.02,25.57,20.84,45.40,35.00,16.18,117.40,55.78,65.67,49.74,61.16,54.40,16.08,59.89,,76.31,53.48,113.04,76.63,37.18,102.12,93.61,87.73,63.88,25.14,20.50,31.96,106.40,264.44,37.64,96.90,35.20,55.16,15.03,257.93,60.28,54.48,57.09,23.50,43.45,61.43,70.50,24.47,53.70,91.45,5.45,86.01,71.36,39.68,46.86,61.04,98.66,119.92,46.24,59.38,65.00,97.42,40.27,27.83,105.86,434.91,249.32,38.53,65.92,,60.04,47.86,68.09,72.53,25.36,,53.58,100.90,110.81,74.82,121.63,109.71,20.46,54.43,11.19,14.67,,59.50,71.35,187.63,10.01,113.69,90.82,,69.86,15.40,8.03,126.45,141.04,34.11,57.52,100.89,66.09,26.05,177.28,46.26,44.09,42.11,159.41,66.27,,69.82,,169.58,22.82,63.05,65.70,37.61,225.39,79.95,89.78,34.52,28.71,40.12,66.96,61.23,65.59,26.58,36.82,51.06,38.89,50.27,,63.37,23.25,73.10,83.15,72.81,,345.01,102.21,83.29,,116.58,211.74,80.30,22.74,21.25,50.55,45.80,,62.62,87.83,77.42,35.00,42.94,173.56,23.18,15.70,81.99,59.35,151.23,23.64,63.32,74.63,49.51,97.36,,,59.63,36.53,64.41,,75.51,46.54,7.14,41.64,62.47,36.58,29.38,32.04,31.44,79.31,121.42,244.52,87.96
,,,,,,,,,,,,,,,,,,,,,,,,,,,,,,,,,,,,,,,,,,,,,,,,,,,,,,,,,,,,,,,,,,,,,,,,,,,,,,,,,,,,,,,,,,,,,,,,,,,,,,,,,,,,,,,,,,,,,,,,,,,,,,,,,,,,,,,,,,,,,,,,,,,,,,,,,,,,,,,,,,,,,,,,,,,,,,,,,,,,,,,,,,,,,,,
1999,,63.88,72.20,165.25,,104.60,40.10,38.41,22.52,67.21,25.48,23.82,25.72,46.90,34.56,12.70,113.57,52.32,64.23,47.31,61.67,56.04,15.22,73.90,,74.25,52.07,122.73,66.20,34.74,91.66,89.27,86.08,76.58,,21.69,39.56,100.33,231.63,,89.81,41.26,55.92,16.40,262.84,56.76,49.22,61.98,23.23,52.32,93.81,66.86,25.34,54.83,149.45,5.96,94.26,70.57,35.43,44.01,60.22,82.33,116.61,58.82,59.96,87.38,98.91,34.48,,127.88,381.10,234.82,40.25,66.42,,59.88,43.41,70.04,95.89,21.33,,48.50,94.80,109.66,85.62,135.61,108.01,27.17,53.67,13.24,16.75,,50.82,101.74,169.81,15.89,135.48,94.89,,57.02,23.41,7.09,118.37,150.75,34.85,57.81,103.37,69.48,30.45,188.40,44.32,46.32,35.86,150.74,88.75,,68.57,131.18,125.35,24.10,67.62,61.10,35.83,221.31,83.73,83.56,,24.32,34.93,75.61,58.08,57.94,32.06,41.08,53.58,39.57,49.43,,74.40,25.16,88.70,92.96,77.24,,385.58,102.99,77.48,,128.99,208.68,86.00,22.78,22.02,51.91,45.93,,60.91,91.91,89.18,34.29,57.41,164.27,34.59,16.95,73.20,55.77,147.70,23.66,73.12,75.01,54.43,92.89,,54.55,61.31,52.09,52.61,,76.02,58.96,4.82,39.55,58.88,38.57,29.35,33.81,31.18,75.81,96.05,221.64,80.87
,,,,,,,,,,,,,,,,,,,,,,,,,,,,,,,,,,,,,,,,,,,,,,,,,,,,,,,,,,,,,,,,,,,,,,,,,,,,,,,,,,,,,,,,,,,,,,,,,,,,,,,,,,,,,,,,,,,,,,,,,,,,,,,,,,,,,,,,,,,,,,,,,,,,,,,,,,,,,,,,,,,,,,,,,,,,,,,,,,,,,,,,,,,,,,,
2000,,64.60,61.25,89.90,9.13,110.84,42.06,37.95,19.46,66.55,25.83,23.88,25.74,50.76,39.85,11.87,107.78,75.81,65.20,47.03,60.60,34.69,10.87,68.46,,,53.71,136.43,84.92,35.23,92.00,80.71,92.84,83.65,13.19,22.81,44.22,106.06,163.22,35.65,98.40,48.41,56.26,18.50,134.98,52.35,45.77,69.55,19.30,57.85,82.61,66.76,26.52,30.88,185.71,5.11,93.63,68.03,40.00,42.49,58.65,72.50,123.41,54.78,58.76,111.95,104.93,41.63,19.01,123.36,344.37,232.98,55.25,63.70,,55.14,41.04,73.65,87.44,12.16,,37.78,84.40,105.11,93.69,143.78,100.48,25.31,52.23,11.85,17.11,,35.43,98.92,142.57,15.02,146.11,101.19,360.49,43.73,23.49,6.46,107.05,148.95,32.88,57.83,90.52,64.15,36.45,234.39,,41.85,27.11,77.10,83.84,,70.19,118.18,146.51,20.56,57.93,53.80,26.72,204.87,88.82,82.30,45.56,28.10,26.10,74.85,56.43,53.91,34.66,39.38,58.77,36.58,48.36,,52.54,23.72,55.71,102.51,65.53,,376.04,86.70,,224.75,172.56,211.18,81.33,24.01,29.01,55.39,43.32,,57.96,93.70,96.80,38.57,58.94,153.63,38.27,19.39,64.29,54.56,152.09,26.17,83.57,65.91,55.31,103.26,,51.03,60.67,51.31,43.51,,77.58,43.79,3.09,36.98,53.03,44.73,42.13,38.67,28.24,41.66,60.84,226.23,70.10
,,,,,,,,,,,,,,,,,,,,,,,,,,,,,,,,,,,,,,,,,,,,,,,,,,,,,,,,,,,,,,,,,,,,,,,,,,,,,,,,,,,,,,,,,,,,,,,,,,,,,,,,,,,,,,,,,,,,,,,,,,,,,,,,,,,,,,,,,,,,,,,,,,,,,,,,,,,,,,,,,,,,,,,,,,,,,,,,,,,,,,,,,,,,,,,
2001,,60.61,59.80,80.17,10.56,122.03,49.44,36.27,17.04,67.33,24.39,23.25,26.07,52.25,46.39,11.42,106.48,87.33,64.22,54.24,52.75,35.23,9.10,70.05,2.92,67.29,52.73,127.39,88.95,34.87,92.78,81.75,103.34,68.51,14.39,24.38,40.83,104.13,195.78,37.64,91.77,48.21,57.87,24.83,181.62,48.51,44.04,97.49,21.57,65.32,62.30,74.33,32.43,22.25,167.14,4.78,97.32,66.92,44.45,40.95,58.16,80.98,124.44,52.25,57.58,87.22,107.08,44.61,20.19,121.65,328.79,129.66,49.51,61.41,25.21,51.74,45.89,78.73,73.70,12.01,,35.50,88.90,104.73,110.65,153.63,124.17,18.73,56.22,15.40,17.70,,36.43,91.43,140.24,15.86,160.91,126.09,361.72,43.13,22.89,6.96,98.10,151.91,38.51,53.54,77.50,70.37,42.85,231.72,44.80,41.11,23.82,74.62,77.92,,65.40,123.40,215.95,23.11,57.91,48.68,25.07,227.46,109.17,83.47,45.21,26.70,25.14,79.09,60.89,56.81,42.74,39.33,58.83,37.35,51.07,,59.09,27.19,44.31,98.65,62.38,,388.40,93.15,70.93,106.30,201.27,186.07,93.14,36.40,28.54,70.18,42.40,,54.16,99.80,104.76,45.67,56.52,151.26,39.83,20.97,62.67,53.54,144.49,30.01,75.88,57.96,54.90,102.70,,54.13,62.47,77.94,26.90,,81.47,35.34,2.69,34.30,53.02,40.62,59.38,37.82,31.72,39.90,60.57,197.90,34.29
,,,,,,,,,,,,,,,,,,,,,,,,,,,,,,,,,,,,,,,,,,,,,,,,,,,,,,,,,,,,,,,,,,,,,,,,,,,,,,,,,,,,,,,,,,,,,,,,,,,,,,,,,,,,,,,,,,,,,,,,,,,,,,,,,,,,,,,,,,,,,,,,,,,,,,,,,,,,,,,,,,,,,,,,,,,,,,,,,,,,,,,,,,,,,,,
2002,280.98,64.10,59.40,72.97,12.25,128.17,152.11,36.68,14.95,66.59,23.02,24.02,28.38,52.63,47.73,10.95,103.39,95.02,63.34,59.78,60.98,31.20,8.48,78.80,1.96,53.54,48.67,159.09,92.73,39.75,85.94,79.89,100.53,68.05,15.09,25.71,47.24,100.27,180.29,39.76,88.91,48.66,61.37,28.19,136.04,49.08,54.06,99.36,23.81,74.21,52.52,,37.46,16.93,190.46,5.70,107.37,66.78,47.00,40.17,60.08,81.07,156.01,53.24,59.22,81.86,104.86,79.09,18.35,112.63,338.37,133.75,54.28,63.54,27.24,54.99,39.65,82.85,62.34,21.79,,32.12,96.60,101.92,122.24,163.99,116.30,17.59,61.84,11.78,17.55,,32.33,97.18,144.90,16.52,160.95,93.36,367.72,35.07,22.14,6.88,105.05,,40.09,61.44,42.64,64.84,46.77,204.40,52.53,43.47,24.17,69.16,81.05,75.73,64.25,75.79,161.78,22.07,59.10,48.17,23.50,235.70,109.25,43.27,40.46,33.49,18.69,73.67,60.01,62.58,59.39,40.33,63.26,41.78,53.68,,47.59,27.32,37.47,107.90,58.17,,356.05,96.35,67.98,76.12,202.05,174.62,95.21,41.69,28.40,86.99,35.55,,51.27,102.10,119.78,58.66,56.46,148.24,38.12,18.71,60.23,60.35,132.43,29.64,79.07,58.76,51.01,85.21,,57.32,61.54,74.00,19.08,,89.69,32.34,3.59,34.23,55.38,94.71,54.60,41.93,55.03,40.75,57.83,204.25,20.14
,,,,,,,,,,,,,,,,,,,,,,,,,,,,,,,,,,,,,,,,,,,,,,,,,,,,,,,,,,,,,,,,,,,,,,,,,,,,,,,,,,,,,,,,,,,,,,,,,,,,,,,,,,,,,,,,,,,,,,,,,,,,,,,,,,,,,,,,,,,,,,,,,,,,,,,,,,,,,,,,,,,,,,,,,,,,,,,,,,,,,,,,,,,,,,,
2003,273.47,60.24,50.65,59.77,11.68,127.52,128.56,33.14,13.15,65.74,21.83,26.62,32.45,42.06,48.03,10.27,98.36,109.34,51.60,74.62,67.63,27.64,12.07,73.82,0.98,45.58,44.62,171.97,83.46,43.10,60.27,76.18,102.66,59.97,12.64,26.57,44.75,84.06,204.37,38.99,79.66,47.42,63.41,29.80,114.46,46.15,61.72,98.22,34.11,75.23,44.87,97.09,39.14,7.66,,5.62,112.72,67.99,48.59,42.74,64.21,70.24,152.39,49.01,62.92,74.55,101.46,79.56,20.89,112.64,314.81,121.25,61.97,66.29,29.26,57.60,38.45,84.24,55.64,19.61,,30.94,92.98,100.48,128.65,169.57,104.10,14.96,60.13,11.25,20.45,,24.61,91.50,100.21,16.32,169.03,62.64,523.38,27.14,20.92,6.93,99.71,146.20,41.98,60.22,44.15,68.72,49.05,177.94,59.10,44.75,24.74,57.95,95.83,40.26,61.61,74.93,124.08,25.84,60.43,49.31,21.98,236.18,87.40,41.97,36.46,42.67,17.17,68.19,59.48,55.27,45.10,41.29,68.04,46.59,55.70,,39.09,24.02,28.25,100.62,50.05,,317.11,81.56,54.70,71.76,175.72,177.73,100.20,42.37,27.04,84.76,35.43,,47.64,102.27,142.64,54.60,53.91,141.59,33.51,19.03,,59.45,133.37,32.03,61.89,,46.38,85.03,,49.30,59.78,67.70,13.35,,90.70,28.30,4.40,35.76,58.52,99.27,41.64,36.15,55.82,44.30,56.82,183.52,44.46
,,,,,,,,,,,,,,,,,,,,,,,,,,,,,,,,,,,,,,,,,,,,,,,,,,,,,,,,,,,,,,,,,,,,,,,,,,,,,,,,,,,,,,,,,,,,,,,,,,,,,,,,,,,,,,,,,,,,,,,,,,,,,,,,,,,,,,,,,,,,,,,,,,,,,,,,,,,,,,,,,,,,,,,,,,,,,,,,,,,,,,,,,,,,,,,
2004,243.44,57.47,39.34,51.95,15.99,122.99,117.12,28.92,11.89,65.37,20.00,27.31,29.39,41.15,48.94,7.33,94.03,103.37,47.81,78.62,67.44,25.49,9.37,70.08,0.41,37.86,45.84,172.74,77.57,42.70,61.62,72.14,103.93,40.11,10.29,26.17,41.21,78.25,198.68,40.00,78.40,42.53,65.11,30.16,141.76,44.18,65.35,85.82,22.50,77.60,39.76,96.51,39.41,4.61,86.80,5.06,103.10,68.30,48.24,42.65,65.74,60.30,135.12,50.50,64.69,57.82,102.87,94.69,21.42,119.76,284.37,118.64,49.90,63.50,30.81,58.52,33.04,83.29,51.33,16.70,342.67,29.63,91.31,100.09,123.23,180.66,100.71,11.39,53.80,11.98,23.25,,18.62,86.74,90.02,16.04,171.18,55.71,487.45,4.16,19.30,7.32,95.05,125.53,42.56,55.92,42.43,71.14,48.70,170.87,51.70,40.84,25.44,43.65,78.39,41.60,58.91,59.71,118.98,28.05,58.54,49.61,20.03,160.52,76.72,35.49,34.58,43.47,15.95,61.56,61.90,50.02,34.46,37.92,65.80,45.32,57.46,,29.03,20.98,20.77,90.81,47.46,15.50,336.55,62.93,47.59,62.18,163.23,160.49,96.68,41.46,26.83,75.39,34.39,,45.26,102.33,154.89,59.16,62.02,118.13,31.57,15.20,47.68,60.77,113.05,33.29,44.37,56.02,44.96,101.96,,42.54,54.10,59.61,9.01,,63.53,23.89,5.64,38.66,65.49,93.55,35.12,31.72,42.17,43.39,52.07,19.26,
,,,,,,,,,,,,,,,,,,,,,,,,,,,,,,,,,,,,,,,,,,,,,,,,,,,,,,,,,,,,,,,,,,,,,,,,,,,,,,,,,,,,,,,,,,,,,,,,,,,,,,,,,,,,,,,,,,,,,,,,,,,,,,,,,,,,,,,,,,,,,,,,,,,,,,,,,,,,,,,,,,,,,,,,,,,,,,,,,,,,,,,,,,,,,,,
2005,204.03,58.20,28.55,35.74,17.45,94.99,66.94,20.85,10.89,68.31,13.50,28.14,24.19,39.87,47.27,6.91,91.97,102.44,42.26,84.54,80.37,25.52,7.67,68.59,0.32,28.52,44.09,136.98,74.92,37.43,51.55,70.87,108.77,25.64,7.00,26.10,38.28,69.73,108.27,36.52,80.40,40.69,64.43,29.69,101.47,37.40,60.36,84.94,21.29,71.39,35.02,98.26,38.55,2.55,158.91,4.55,78.24,69.04,47.65,39.94,67.21,49.33,135.99,40.00,66.91,47.99,107.39,87.31,20.76,150.23,232.09,116.07,47.16,57.22,1.42,60.49,24.57,80.89,42.61,13.56,226.41,27.35,88.15,101.94,122.23,186.44,100.27,8.10,48.34,10.53,26.96,,14.14,75.31,82.18,11.82,180.70,60.26,402.44,2.91,18.31,7.48,86.47,36.70,41.36,61.95,46.63,70.11,46.19,154.84,53.53,39.02,24.76,35.93,58.61,36.32,61.64,70.16,110.54,27.16,51.48,48.94,18.50,71.40,66.32,18.93,36.74,42.01,9.87,58.92,62.48,39.65,28.01,,59.17,46.70,62.53,,19.17,17.55,14.81,70.67,40.02,13.55,284.25,37.34,45.66,54.11,144.06,133.86,94.31,33.93,26.30,63.87,33.21,,42.28,90.61,157.94,61.92,65.45,94.95,28.84,13.50,47.97,58.26,50.71,33.91,41.80,55.97,43.04,91.75,,34.49,52.42,52.71,5.38,39.41,55.22,17.09,6.63,40.01,64.89,83.92,28.19,24.68,35.56,36.54,43.80,16.72,38.57
,,,,,,,,,,,,,,,,,,,,,,,,,,,,,,,,,,,,,,,,,,,,,,,,,,,,,,,,,,,,,,,,,,,,,,,,,,,,,,,,,,,,,,,,,,,,,,,,,,,,,,,,,,,,,,,,,,,,,,,,,,,,,,,,,,,,,,,,,,,,,,,,,,,,,,,,,,,,,,,,,,,,,,,,,,,,,,,,,,,,,,,,,,,,,,,
2006,23.02,56.69,24.30,18.70,14.04,90.87,58.62,18.09,9.97,67.04,10.26,29.07,20.25,39.56,49.11,11.09,91.04,95.65,17.24,80.44,55.23,21.25,6.44,65.85,0.98,22.66,22.60,130.25,,32.85,15.86,70.13,49.21,26.24,4.99,25.38,35.75,68.58,98.82,32.47,79.44,38.28,59.48,27.91,104.30,31.54,58.39,80.45,19.42,68.70,28.83,85.92,39.10,1.20,154.32,4.40,69.95,67.14,57.91,38.06,64.45,39.60,140.55,32.00,66.33,26.22,103.57,92.92,21.65,137.07,204.04,94.16,39.11,40.34,1.16,64.67,29.30,77.11,35.85,12.46,157.91,24.81,80.09,102.56,121.07,186.00,88.00,6.67,43.98,11.52,29.27,28.67,10.57,72.50,68.37,9.18,185.19,62.59,357.74,2.86,17.97,7.87,37.37,42.09,40.23,57.92,18.07,64.62,44.08,82.59,51.01,37.75,25.07,30.90,44.19,31.91,56.78,46.61,90.64,24.73,48.90,44.47,16.37,54.65,27.14,7.71,30.58,52.33,8.91,53.93,57.65,35.99,21.46,34.77,51.58,47.15,61.62,33.45,13.43,12.54,9.78,26.58,39.34,13.28,256.76,25.83,21.84,40.30,132.51,103.11,87.91,30.77,26.00,48.36,31.36,,38.91,87.88,143.78,58.04,64.12,74.98,23.97,14.86,42.98,51.67,44.98,33.12,35.29,42.65,38.49,96.79,,30.81,47.95,46.52,3.33,39.79,36.02,14.26,6.84,41.02,63.64,75.70,21.34,21.76,25.66,38.41,40.84,25.00,44.71
,,,,,,,,,,,,,,,,,,,,,,,,,,,,,,,,,,,,,,,,,,,,,,,,,,,,,,,,,,,,,,,,,,,,,,,,,,,,,,,,,,,,,,,,,,,,,,,,,,,,,,,,,,,,,,,,,,,,,,,,,,,,,,,,,,,,,,,,,,,,,,,,,,,,,,,,,,,,,,,,,,,,,,,,,,,,,,,,,,,,,,,,,,,,,,,
2007,20.24,53.55,13.61,16.07,14.04,79.20,50.84,14.25,9.68,64.81,8.31,29.35,16.34,39.11,51.55,18.35,87.02,91.65,,67.10,40.51,18.71,8.48,63.74,0.69,17.46,25.33,129.61,64.98,30.52,11.96,66.84,49.47,22.15,3.89,29.04,32.47,64.81,97.96,26.86,74.00,37.06,53.57,27.81,86.88,27.34,56.68,74.90,17.52,74.27,27.20,76.27,38.03,0.73,156.66,3.66,46.39,64.90,49.88,33.99,64.40,39.69,60.91,25.50,63.54,31.04,103.10,89.06,21.34,92.38,177.30,59.88,34.51,24.72,1.06,65.62,27.33,74.03,32.33,12.03,120.76,25.01,73.04,99.78,118.25,183.01,90.30,5.87,38.37,9.97,28.65,24.81,11.83,56.80,62.45,7.24,171.02,58.16,,1.98,16.65,7.80,32.75,44.46,39.91,57.84,18.53,62.39,41.45,73.43,47.28,37.53,25.73,24.61,40.74,27.50,51.99,35.99,62.52,20.06,43.21,42.38,14.51,31.59,25.15,8.12,23.53,49.20,7.10,51.95,49.96,32.89,18.14,31.87,44.64,44.19,68.44,36.90,8.93,12.65,8.01,26.71,36.09,11.44,101.36,17.12,23.49,33.44,130.75,42.18,86.30,29.90,22.66,43.91,27.06,,35.51,85.00,135.00,56.75,53.32,70.71,17.38,16.46,38.11,49.53,42.67,32.06,34.60,28.45,35.07,107.78,,25.09,44.80,39.91,2.42,34.60,22.03,11.82,7.85,42.21,64.01,67.99,15.79,18.66,26.36,40.90,40.41,21.93,50.06
,,,,,,,,,,,,,,,,,,,,,,,,,,,,,,,,,,,,,,,,,,,,,,,,,,,,,,,,,,,,,,,,,,,,,,,,,,,,,,,,,,,,,,,,,,,,,,,,,,,,,,,,,,,,,,,,,,,,,,,,,,,,,,,,,,,,,,,,,,,,,,,,,,,,,,,,,,,,,,,,,,,,,,,,,,,,,,,,,,,,,,,,,,,,,,,
2008,18.37,55.14,8.39,16.65,15.40,77.27,43.85,14.63,11.74,68.52,7.29,32.49,12.56,38.25,53.90,20.80,92.53,83.84,25.02,60.78,37.15,30.89,7.62,61.87,0.94,14.65,25.16,102.51,57.42,27.76,9.72,67.83,36.63,19.95,4.92,27.00,32.14,57.49,68.06,24.16,70.83,38.87,44.57,28.66,90.50,33.39,59.31,66.53,19.60,72.92,22.24,66.76,39.25,0.47,174.92,4.49,41.39,68.51,51.42,32.65,68.06,16.93,63.92,31.20,64.93,33.59,109.42,83.91,20.13,90.16,163.40,61.65,38.01,22.97,0.86,71.65,67.56,74.54,30.25,9.29,75.45,44.34,71.87,102.39,128.89,191.81,60.24,6.77,41.47,12.64,28.16,21.20,9.57,48.46,58.47,16.19,163.09,50.83,309.66,2.63,15.39,15.10,31.49,36.75,39.92,41.94,20.27,62.75,41.56,77.88,44.03,42.83,28.27,19.26,,29.00,45.44,36.28,53.90,18.57,41.93,54.47,16.89,26.48,21.06,7.28,20.59,47.26,4.84,57.29,42.56,21.78,18.15,27.96,44.17,46.61,71.67,40.76,11.10,13.39,7.43,20.90,28.91,13.53,56.86,12.06,23.94,32.38,130.01,42.37,93.93,28.21,21.65,35.49,26.51,,39.40,81.37,131.93,56.09,56.74,68.85,15.64,14.74,36.68,49.40,37.32,33.27,29.95,21.52,35.11,88.48,,20.35,42.02,39.98,2.81,37.47,20.31,19.66,12.53,50.27,72.85,67.75,12.73,20.61,20.31,39.42,36.42,19.20,68.86
,,,,,,,,,,,,,,,,,,,,,,,,,,,,,,,,,,,,,,,,,,,,,,,,,,,,,,,,,,,,,,,,,,,,,,,,,,,,,,,,,,,,,,,,,,,,,,,,,,,,,,,,,,,,,,,,,,,,,,,,,,,,,,,,,,,,,,,,,,,,,,,,,,,,,,,,,,,,,,,,,,,,,,,,,,,,,,,,,,,,,,,,,,,,,,,
2009,16.78,59.67,10.16,22.71,25.10,102.46,53.83,34.14,16.75,79.73,12.39,39.45,21.36,37.11,62.53,26.02,99.56,91.90,25.62,61.97,39.99,35.07,18.75,64.94,1.11,14.61,28.49,25.69,65.17,29.15,10.09,79.28,21.09,31.67,5.83,32.56,35.17,53.62,61.63,26.55,64.24,48.02,53.37,34.06,93.19,40.37,59.54,62.81,22.73,83.46,17.72,69.45,48.21,4.32,144.60,7.04,37.56,78.32,55.80,41.70,79.00,23.09,62.58,41.00,72.43,36.09,126.74,91.09,22.92,89.33,159.17,64.81,27.78,27.51,0.68,77.96,82.87,72.53,26.48,10.42,87.38,61.68,74.59,112.52,145.21,210.25,64.78,10.23,41.09,9.53,31.38,6.13,11.05,58.07,62.76,32.49,145.57,37.62,173.94,2.76,29.01,16.03,33.68,39.53,51.12,54.53,21.94,67.80,39.80,89.69,52.27,43.92,31.02,29.12,,38.25,46.13,41.89,55.16,16.34,38.53,56.49,21.65,29.45,27.74,8.62,23.77,41.97,6.89,58.57,41.29,21.85,18.25,28.38,44.34,49.81,83.61,46.51,35.97,23.35,9.89,22.37,35.90,17.46,68.03,13.99,34.16,35.95,121.29,48.05,104.16,36.01,34.48,33.85,30.08,,52.70,86.06,144.12,60.43,63.57,72.11,15.55,10.57,40.20,47.34,31.21,36.60,36.22,24.36,41.45,73.40,,34.00,40.54,46.07,2.44,31.04,19.19,34.12,24.08,64.20,86.03,63.10,10.98,20.52,27.57,45.17,49.84,20.52,68.29
,,,,,,,,,,,,,,,,,,,,,,,,,,,,,,,,,,,,,,,,,,,,,,,,,,,,,,,,,,,,,,,,,,,,,,,,,,,,,,,,,,,,,,,,,,,,,,,,,,,,,,,,,,,,,,,,,,,,,,,,,,,,,,,,,,,,,,,,,,,,,,,,,,,,,,,,,,,,,,,,,,,,,,,,,,,,,,,,,,,,,,,,,,,,,,,
2010,7.90,57.72,10.87,44.29,32.50,90.78,42.62,33.74,20.48,82.39,12.52,43.00,29.70,34.09,69.67,30.57,99.71,88.26,28.70,57.94,38.52,42.75,19.95,63.04,1.11,14.28,29.32,46.91,72.43,29.37,11.53,81.10,21.43,30.12,8.60,33.09,36.44,50.74,22.89,28.41,63.05,56.98,56.33,38.16,31.94,42.88,51.92,67.32,23.75,84.95,19.68,69.59,49.66,7.87,143.76,6.55,40.53,84.06,56.16,47.12,81.70,20.51,69.64,42.40,81.00,46.26,146.25,96.94,24.11,99.64,62.91,65.30,17.34,30.66,0.63,80.58,88.27,67.46,24.52,12.17,53.53,86.30,70.69,115.38,144.35,215.82,67.11,10.68,44.40,8.62,30.83,15.63,11.34,59.73,58.71,40.34,138.39,35.25,33.43,2.86,36.28,20.11,31.69,57.66,51.94,60.43,25.29,67.63,36.84,80.59,52.04,42.23,29.24,26.85,,40.66,49.00,43.33,49.69,15.85,34.04,59.34,26.87,30.87,24.29,9.60,24.07,42.37,5.85,60.67,40.21,17.34,15.61,25.40,43.46,53.33,96.18,48.34,41.84,30.54,10.56,22.56,49.87,17.54,75.26,8.45,35.52,43.68,81.89,46.85,99.63,40.82,38.18,28.93,34.68,,60.07,81.91,159.31,63.27,65.45,73.12,18.47,13.78,37.59,46.13,30.02,36.74,36.34,27.34,39.16,49.91,,32.65,39.22,42.34,4.11,27.49,22.94,40.63,22.23,75.74,94.73,59.41,9.96,19.36,36.46,48.08,42.38,18.89,63.19
,,,,,,,,,,,,,,,,,,,,,,,,,,,,,,,,,,,,,,,,,,,,,,,,,,,,,,,,,,,,,,,,,,,,,,,,,,,,,,,,,,,,,,,,,,,,,,,,,,,,,,,,,,,,,,,,,,,,,,,,,,,,,,,,,,,,,,,,,,,,,,,,,,,,,,,,,,,,,,,,,,,,,,,,,,,,,,,,,,,,,,,,,,,,,,,
2011,7.14,59.41,9.49,33.80,29.21,92.43,38.06,35.69,24.20,82.19,11.43,45.05,32.80,32.81,75.74,34.94,102.34,83.50,29.88,66.36,34.67,42.65,20.67,61.24,2.13,14.52,29.80,39.76,78.81,30.30,13.24,81.51,21.83,30.55,11.15,33.09,35.73,45.74,33.09,29.83,69.15,63.71,65.84,39.83,26.25,46.41,45.18,68.64,25.75,86.15,19.43,72.83,49.96,5.86,133.01,5.91,43.98,86.67,52.63,48.50,85.21,17.85,77.27,36.50,78.31,42.61,172.10,100.69,23.67,77.96,49.47,65.16,11.81,32.13,0.58,80.76,95.13,69.64,23.11,8.87,40.72,109.61,68.82,116.50,142.62,231.63,70.73,9.77,43.05,8.22,31.51,13.88,8.55,49.38,54.53,37.59,133.89,37.98,29.64,26.61,37.28,19.12,32.18,81.22,52.64,60.34,23.96,69.96,40.28,71.63,52.28,43.20,28.93,24.15,,45.55,52.55,38.03,44.96,24.33,31.66,61.63,31.54,29.27,27.81,10.19,27.74,28.88,5.18,58.94,37.28,16.31,12.99,23.02,41.41,54.37,111.39,50.00,35.57,33.87,10.91,23.06,49.15,14.66,71.74,5.40,40.69,46.61,77.29,44.75,102.27,43.27,46.44,21.72,38.23,,69.46,78.45,151.68,67.62,68.77,70.58,19.83,14.26,36.94,46.03,,38.25,35.46,27.84,39.36,49.31,,29.87,43.07,39.14,10.05,23.81,23.64,36.88,17.55,81.32,98.99,58.10,9.09,20.71,50.57,45.79,45.73,20.80,51.76
,,,,,,,,,,,,,,,,,,,,,,,,,,,,,,,,,,,,,,,,,,,,,,,,,,,,,,,,,,,,,,,,,,,,,,,,,,,,,,,,,,,,,,,,,,,,,,,,,,,,,,,,,,,,,,,,,,,,,,,,,,,,,,,,,,,,,,,,,,,,,,,,,,,,,,,,,,,,,,,,,,,,,,,,,,,,,,,,,,,,,,,,,,,,,,,
2012,6.63,62.14,9.49,29.49,30.94,87.15,39.43,36.48,27.80,81.62,13.95,46.50,36.21,31.67,83.74,32.04,104.12,78.97,26.82,76.28,33.34,44.25,19.45,62.31,2.10,16.77,28.35,39.93,91.11,32.05,15.43,84.84,23.52,28.78,12.03,34.02,34.08,42.58,34.14,34.29,45.04,70.68,79.26,44.47,23.17,45.19,43.30,74.05,30.46,86.54,21.61,74.61,55.20,7.29,127.61,9.52,36.93,91.25,51.68,52.89,89.58,19.70,76.96,34.90,79.52,50.10,159.56,103.34,24.33,35.43,52.14,62.48,16.35,35.18,0.55,78.29,92.61,69.07,22.96,17.40,34.78,119.48,68.33,123.34,147.86,238.01,80.72,11.68,41.69,7.52,32.13,15.92,6.79,48.97,58.13,36.86,130.80,40.33,26.99,2.25,39.79,21.99,33.03,82.05,54.55,62.68,25.39,67.59,36.81,73.53,51.47,43.17,27.71,24.54,,53.42,58.30,40.10,39.95,24.26,34.46,66.39,31.95,28.50,26.76,10.42,33.68,30.02,4.93,63.35,35.70,19.15,16.17,21.21,40.61,53.98,126.21,53.73,36.56,37.63,11.76,21.46,52.06,15.37,78.29,3.59,42.82,58.32,82.54,36.77,106.50,52.37,53.90,17.60,41.00,8.91,85.41,79.17,138.40,74.77,72.02,94.25,21.38,14.69,37.17,46.63,,39.22,32.37,29.15,39.98,49.04,,41.29,47.68,36.16,18.07,25.94,24.16,37.54,17.03,84.82,102.50,58.01,8.55,21.75,58.09,47.92,47.31,24.91,56.73
,,,,,,,,,,,,,,,,,,,,,,,,,,,,,,,,,,,,,,,,,,,,,,,,,,,,,,,,,,,,,,,,,,,,,,,,,,,,,,,,,,,,,,,,,,,,,,,,,,,,,,,,,,,,,,,,,,,,,,,,,,,,,,,,,,,,,,,,,,,,,,,,,,,,,,,,,,,,,,,,,,,,,,,,,,,,,,,,,,,,,,,,,,,,,,,
2013,6.75,70.39,7.74,32.87,30.42,94.26,42.20,37.96,30.83,80.80,12.75,55.03,43.94,32.50,94.17,34.45,105.19,79.38,25.42,93.64,32.49,43.50,18.22,60.36,2.21,17.22,28.69,36.56,99.98,32.05,18.66,86.08,38.53,30.34,12.79,36.93,37.78,18.15,38.18,36.04,43.36,82.18,102.51,44.91,19.12,44.65,42.41,75.76,34.60,85.83,25.90,84.78,55.25,6.14,128.38,9.93,42.41,93.34,49.51,55.43,92.40,29.24,83.32,34.70,77.06,60.29,177.68,107.59,24.62,45.73,53.56,57.23,21.46,45.71,0.53,76.75,84.81,67.96,24.85,15.40,31.15,119.47,66.95,129.00,142.81,244.48,86.68,12.23,41.49,8.21,33.76,16.22,6.50,46.10,57.02,35.91,133.36,43.37,27.48,3.71,38.76,23.33,33.89,85.66,55.90,64.06,26.37,68.37,36.10,66.15,53.86,46.35,26.98,23.79,,55.18,61.73,53.13,34.16,24.00,31.95,67.74,30.80,29.51,27.22,10.50,34.01,30.30,5.07,64.24,34.96,25.03,17.02,20.34,39.26,55.97,129.00,52.31,32.60,38.83,13.08,28.68,53.54,20.83,71.42,2.15,46.94,61.42,68.80,30.55,103.90,54.99,71.01,15.54,43.99,17.59,93.67,78.32,101.17,80.59,74.63,89.87,31.43,14.83,39.77,46.35,,39.03,29.19,30.90,42.09,51.23,,40.73,46.84,36.14,20.79,57.18,27.70,40.65,15.82,86.00,104.62,60.18,8.28,20.57,73.70,51.83,48.20,25.91,54.56
,,,,,,,,,,,,,,,,,,,,,,,,,,,,,,,,,,,,,,,,,,,,,,,,,,,,,,,,,,,,,,,,,,,,,,,,,,,,,,,,,,,,,,,,,,,,,,,,,,,,,,,,,,,,,,,,,,,,,,,,,,,,,,,,,,,,,,,,,,,,,,,,,,,,,,,,,,,,,,,,,,,,,,,,,,,,,,,,,,,,,,,,,,,,,,,
2014,6.38,72.04,7.96,40.66,24.11,100.42,43.59,41.45,34.32,84.25,11.17,59.86,44.39,31.83,98.07,37.33,106.57,77.56,30.87,93.77,33.02,44.03,17.77,63.31,2.30,26.43,30.24,33.87,110.32,32.26,27.54,86.20,51.15,39.21,15.06,39.83,44.20,22.59,47.51,39.26,46.53,86.53,108.19,42.17,16.80,44.77,43.18,81.31,34.38,84.01,31.18,86.26,57.08,8.67,126.49,10.37,46.30,94.25,47.74,59.30,95.34,32.16,101.14,35.50,74.48,72.15,180.06,101.39,24.28,45.38,50.45,51.21,26.26,46.46,0.07,76.18,82.51,68.33,24.70,15.63,33.53,105.25,66.02,132.53,139.42,249.11,89.05,14.11,46.67,8.40,35.88,16.72,7.49,52.30,61.25,38.59,133.36,49.53,33.35,36.39,40.68,22.92,34.65,82.52,55.58,66.31,27.28,67.00,34.81,77.08,56.15,49.50,26.08,31.42,,59.91,63.45,62.37,29.73,23.92,27.39,67.95,30.32,29.33,33.42,10.58,38.25,27.94,4.88,63.68,37.08,28.11,20.24,20.71,36.40,50.49,130.17,54.74,31.68,40.50,15.89,31.13,54.40,19.03,68.88,1.57,54.24,72.01,68.63,34.96,99.76,53.90,80.89,13.28,46.90,37.46,99.29,75.54,79.76,80.90,79.72,77.26,29.02,13.67,44.78,45.66,,37.90,28.19,33.80,43.33,57.54,,39.76,51.56,33.52,17.41,64.37,31.21,70.31,15.59,87.94,104.61,61.40,7.64,19.32,63.49,55.13,48.72,33.61,55.27
,,,,,,,,,,,,,,,,,,,,,,,,,,,,,,,,,,,,,,,,,,,,,,,,,,,,,,,,,,,,,,,,,,,,,,,,,,,,,,,,,,,,,,,,,,,,,,,,,,,,,,,,,,,,,,,,,,,,,,,,,,,,,,,,,,,,,,,,,,,,,,,,,,,,,,,,,,,,,,,,,,,,,,,,,,,,,,,,,,,,,,,,,,,,,,,
2015,6.25,73.32,9.06,64.24,22.15,104.36,52.13,46.89,37.64,86.19,28.32,63.58,61.86,31.67,105.48,53.74,106.05,82.08,39.30,94.80,36.16,44.74,16.98,73.70,2.81,26.30,32.80,42.45,120.54,32.54,29.01,91.50,48.50,42.61,17.54,42.92,50.57,25.39,70.59,42.38,48.87,86.67,108.87,40.31,18.86,45.53,39.48,83.02,34.94,81.27,33.83,88.97,58.72,13.98,127.13,9.74,56.05,92.49,48.09,62.51,96.14,43.99,91.64,41.50,70.99,70.82,176.94,91.42,24.20,53.02,52.90,48.20,30.10,46.81,0.06,75.33,67.59,69.07,27.30,15.90,61.40,78.68,64.08,132.71,122.06,247.98,93.39,21.89,51.33,23.08,37.89,19.04,11.17,66.04,61.86,34.94,138.41,58.33,39.21,73.84,42.78,21.45,35.53,72.97,57.39,73.13,30.91,63.96,33.70,91.18,58.60,54.03,26.35,41.46,,67.23,64.06,86.02,34.34,34.64,27.98,65.12,29.95,29.40,45.06,11.50,37.95,27.94,14.88,63.57,38.77,30.55,24.19,23.98,34.79,51.28,128.98,52.98,39.76,39.30,16.42,37.29,57.78,19.88,82.26,5.01,56.83,77.43,69.00,43.76,104.68,52.91,83.15,10.38,49.78,63.65,99.26,76.04,67.76,79.23,79.29,72.91,43.46,17.29,43.40,45.66,,36.46,34.08,36.52,42.72,62.27,,45.45,55.71,32.93,23.16,58.21,34.39,80.08,18.08,88.98,105.15,64.29,10.76,25.63,41.50,58.25,66.67,56.28,58.90
,,,,,,,,,,,,,,,,,,,,,,,,,,,,,,,,,,,,,,,,,,,,,,,,,,,,,,,,,,,,,,,,,,,,,,,,,,,,,,,,,,,,,,,,,,,,,,,,,,,,,,,,,,,,,,,,,,,,,,,,,,,,,,,,,,,,,,,,,,,,,,,,,,,,,,,,,,,,,,,,,,,,,,,,,,,,,,,,,,,,,,,,,,,,,,,
